{"cameraMode":{"drawMode":0,"name":"Shaded","section":"Shading Mode"},"sceneLighting":false,"audioPlay":false,"sceneViewState":{"showFog":true,"showMaterialUpdate":false,"showSkybox":true,"showFlares":true,"showImageEffects":true,"showParticleSystems":true},"in2DMode":false,"pivot":{"x":-36.45063018798828,"y":-66.05462646484375,"z":119.50776672363281},"rotation":{"x":-0.19037635624408723,"y":0.14867569506168366,"z":-0.02918025106191635,"w":-0.969954252243042},"size":89.03104400634766,"orthographic":false}