{"cameraMode":{"drawMode":0,"name":"Shaded","section":"Shading Mode"},"sceneLighting":false,"audioPlay":false,"sceneViewState":{"showFog":true,"showMaterialUpdate":false,"showSkybox":false,"showFlares":true,"showImageEffects":true,"showParticleSystems":true},"in2DMode":false,"pivot":{"x":1.9176044464111329,"y":7.882525444030762,"z":1.8042879104614258},"rotation":{"x":-0.25845980644226076,"y":-0.39958059787750246,"z":0.11850441992282868,"w":-0.8714884519577026},"size":9.273618698120118,"orthographic":false}