{"cameraMode":{"drawMode":0,"name":"Shaded","section":"Shading Mode"},"sceneLighting":false,"audioPlay":false,"sceneViewState":{"showFog":true,"showMaterialUpdate":false,"showSkybox":true,"showFlares":true,"showImageEffects":true,"showParticleSystems":true},"in2DMode":false,"pivot":{"x":225.7376708984375,"y":234.2237548828125,"z":-134.0145263671875},"rotation":{"x":-0.18296945095062257,"y":-0.4095781743526459,"z":0.0842243880033493,"w":-0.8897686004638672},"size":119.19385528564453,"orthographic":false}